Riesgo,Fecha/Hora,dia,lat,long,R2,R3,R14,R15,R17
VERDE,01/05/2020 00:03,1.00,22.1873006,-101.0244368,Masculino,38,Sin respuesta,Empleado en una empresa,simplemente informandonos
VERDE,01/05/2020 00:20,1.00,22.1383276,-100.9111465,Masculino,65,Sin respuesta,Te dedicas al hogar,el comunicarse rapidamente en caso de emergencia
MORADO,01/05/2020 01:25,1.00,22.1077294,-100.9501673,Femenino,25,Sin respuesta,Estudiante,. 
VERDE,01/05/2020 02:00,1.00,21.0015389,-101.2862594,Masculino,22,Sin respuesta,Estudiante,none
MARRON,01/05/2020 02:00,1.00,21.0015389,-101.2862594,Femenino,40,Sin respuesta,Trabajas por tu cuenta,none
VERDE,01/05/2020 02:12,1.00,21.0015313,-101.2862561,Femenino,40,Sin respuesta,Trabajas por tu cuenta,.
MORADO,01/05/2020 02:21,1.00,22.1364902,-100.9804364,Masculino,29,Sin respuesta,No estudias ni trabajas,excelente
VERDE,01/05/2020 02:42,1.00,22.1146757,-100.9632748,Femenino,37,Sin respuesta,Empleado en el gobierno,informacion actualizada
ROJO,01/05/2020 02:42,1.00,21.1254394,-101.6523822,Masculino,24,Sin respuesta,Estudiante,generar una interfaz mas amigable 
MORADO,01/05/2020 02:51,1.00,21.1255066,-101.6523905,Masculino,24,Sin respuesta,Estudiante,podrian especificar tos o fiebre 
VERDE,01/05/2020 03:26,1.00,22.1431858,-100.9600591,Masculino,35,Sin respuesta,Estudiante,nada
VERDE,01/05/2020 04:15,1.00,22.1193965,-100.9052956,Masculino,41,Sin respuesta,Trabajas por tu cuenta,no lo se hasta ahorita va bien  gracias. 
VERDE,01/05/2020 05:09,1.00,22.1763838,-100.9515306,Masculino,55,Sin respuesta,Empleado en el gobierno,con informacion 
VERDE,01/05/2020 06:43,1.00,22.2133695,-100.9409875,Masculino,65,Sin respuesta,Trabajas por tu cuenta,Pues solo sigan informando y apoyando...
VERDE,01/05/2020 07:05,1.00,22.1898214,-101.0093976,Femenino,45,Sin respuesta,Empleado en el gobierno,.
VERDE,01/05/2020 07:45,1.00,22.165299,-100.9875386,Masculino,47,Sin respuesta,Empleado en el gobierno,Estaria bien un mapa de risgo para poder desplazarse en caso de tener que salir
VERDE,01/05/2020 08:29,1.00,22.1663237,-100.9767553,Masculino,35,Sin respuesta,Empleado en el gobierno,apoyo telefonico  
VERDE,01/05/2020 10:25,1.00,22.1364634,-100.9804533,Masculino,29,Sin respuesta,Trabajas por tu cuenta,excelente
MORADO,01/05/2020 10:33,1.00,19.1646118,-98.4103263,Masculino,24,Sin respuesta,Estudiante,Creo que podrian hacer algun contacto con miembros de la secretaria de salud para una atencion mas personalizada 
VERDE,01/05/2020 10:50,1.00,22.1370451,-100.9278765,Masculino,26,Sin respuesta,Estudiante,mayor difusion
VERDE,01/05/2020 11:18,1.00,22.1758153,-100.993946,Masculino,52,por trabajo,Trabajas por tu cuenta,no la conozco aun
VERDE,01/05/2020 11:24,1.00,20.1147661,-102.6588442,Masculino,67,Sin respuesta,Trabajas por tu cuenta,creo que esta muy completo el test 
AMARILLO,01/05/2020 11:58,1.00,22.122031,-100.9689388,Masculino,21,Sin respuesta,Estudiante,Van muy bien  esta excelente 
VERDE,01/05/2020 12:04,1.00,21.9745769,-98.9801441,Masculino,52,Sin respuesta,Empleado en el gobierno,todo bien
VERDE,01/05/2020 12:26,1.00,22.131097,-100.9857144,Masculino,47,Sin respuesta,Empleado en el gobierno,sin comentarios 
VERDE,01/05/2020 12:28,1.00,22.2637823,-101.1119397,Masculino,25,Sin respuesta,Estudiante,animaciones para ninos 
VERDE,01/05/2020 12:32,1.00,22.1482154,-100.9964139,Femenino,75,Sin respuesta,Te dedicas al hogar,no
VERDE,01/05/2020 12:32,1.00,22.1246137,-100.984883,Femenino,27,Sin respuesta,Empleado en una empresa,Todo bien  muy buena app
VERDE,01/05/2020 12:31,1.00,19.4280756,-99.147452,Masculino,25,Sin respuesta,Estudiante,con asesoria y asistencia medica desde aqui
VERDE,01/05/2020 12:37,1.00,20.5228981,-100.8200384,Masculino,37,Sin respuesta,Empleado en el gobierno,Tener un menu con los sistemas de salud estatales  para una canalizacion en caso de emergencia
VERDE,01/05/2020 13:36,1.00,18.7714695,-98.8960315,Masculino,22,Sin respuesta,Empleado en una empresa,na
VERDE,01/05/2020 13:44,1.00,22.1480765,-100.9878212,Masculino,28,Sin respuesta,Empleado en el gobierno,ninguna 
AMARILLO,01/05/2020 13:48,1.00,22.1342336,-100.961933,Femenino,32,trabajo,Empleado en una empresa,informacion
VERDE,01/05/2020 13:52,1.00,22.1480929,-100.9878357,Masculino,27,Sin respuesta,Trabajas por tu cuenta,...
VERDE,01/05/2020 14:03,1.00,22.1836647,-100.9473561,Masculino,22,Sin respuesta,Estudiante,links directos de la app
VERDE,01/05/2020 14:02,1.00,22.1431843,-100.9532072,Masculino,28,Sin respuesta,Estudiante,vamos bien.
VERDE,01/05/2020 14:03,1.00,22.1601293,-101.0176905,Masculino,24,Pertenezco al personal del Sector Salud ,Empleado en una empresa,Actualizando las proyecciones estadisticas diariamente y publicarlas en esta aplicacion.
VERDE,01/05/2020 14:08,1.00,22.1377351,-101.0123452,Femenino,45,Sin respuesta,Empleado en el gobierno,no lo se  apenas es la primera vez que la utilizo
VERDE,01/05/2020 14:14,1.00,22.1028867,-100.8491967,Femenino,29,tengo que ir a trabajar,Empleado en una empresa,poner de forma independiente cada sintoma  porque quizas no se tengan todos los sintomas  solo algunos
VERDE,01/05/2020 14:16,1.00,22.1616336,-100.9293061,Masculino,24,Sin respuesta,Estudiante,como es la primera vez que la utilizo no podria dar una observacion de como mejorarla 
VERDE,01/05/2020 14:18,1.00,22.161712,-100.929375,Masculino,19,Sin respuesta,Estudiante, 
MORADO,01/05/2020 14:26,1.00,19.2914904,-99.1619662,Masculino,30,Sin respuesta,Estudiante,si
VERDE,01/05/2020 14:30,1.00,22.1617576,-100.9293915,Femenino,23,Sin respuesta,No estudias ni trabajas, 
AMARILLO,01/05/2020 14:38,1.00,21.155182,-101.6886491,Femenino,33,requiero mi trabajo,Empleado en el gobierno,direccion de servicio de salud
MORADO,01/05/2020 14:50,1.00,22.1411121,-100.949212,Femenino,26,Sin respuesta,Trabajas por tu cuenta,saber diferenciar entre ataque alergico y covid
AMARILLO,01/05/2020 15:02,1.00,20.6946107,-103.3235084,Masculino,28,Trabajo en Labortaori de Analisis clinicos ,Empleado en una empresa,Mas informacion sobre la toma del estudio.
VERDE,01/05/2020 15:17,1.00,20.4858072,-103.2498196,Masculino,39,Sin respuesta,Trabajas por tu cuenta,incluir graficos
VERDE,01/05/2020 15:49,1.00,22.1617516,-100.9293851,Femenino,37,Sin respuesta,Te dedicas al hogar,saber si hay contagios cerca de mi casa
VERDE,01/05/2020 16:10,1.00,22.1559851,-101.0173145,Femenino,22,Sin respuesta,Estudiante,informacion 
AMARILLO,01/05/2020 16:46,1.00,23.6442121,-100.6543493,Femenino,25,Sin respuesta,Empleado en el gobierno,sin comentarios
VERDE,01/05/2020 16:46,1.00,22.1448099,-100.8970809,Masculino,20,Sin respuesta,Estudiante,saber donde hay contaguios
VERDE,01/05/2020 16:52,1.00,22.1454663,-101.0390614,Masculino,29,Sin respuesta,Empleado en una empresa,nada
VERDE,01/05/2020 16:58,1.00,22.1242305,-100.9427192,Masculino,21,Sin respuesta,Trabajas por tu cuenta,recomendandome zonas seguras
AMARILLO,01/05/2020 16:56,1.00,22.2067223,-100.9879971,Masculino,61,Sin respuesta,Trabajas por tu cuenta,x
VERDE,01/05/2020 16:58,1.00,22.2034196,-101.0040755,Femenino,20,Sin respuesta,Estudiante,Creo asi esta bien
NARANJA,01/05/2020 17:57,1.00,22.1417325,-100.9679252,Masculino,47,Sin respuesta,Empleado en una empresa,no se me ocurre
VERDE,01/05/2020 18:03,1.00,22.1480963,-100.9876752,Masculino,28,por que necesito trabajar ,Trabajas por tu cuenta,nada mas 
ROJO,01/05/2020 18:37,1.00,22.124155,-100.958585,Masculino,60,Sin respuesta,Empleado en el gobierno,que la aplicacion tenga un modo de alarma para que llene el formulario diariamente 
VERDE,01/05/2020 18:41,1.00,22.1243225,-100.9584208,Femenino,33,Sin respuesta,Empleado en el gobierno,que la aplicacion recuerde que tengo que llenar la encuesta diariamente 
VERDE,01/05/2020 18:42,1.00,22.1348234,-101.0385395,Masculino,32,por que tengo a mi cargo negocios de alimentos ,Trabajas por tu cuenta,seria bueno poder modificar la ubicacion
VERDE,01/05/2020 19:30,1.00,31.8754766,-116.6204369,Femenino,31,Trabajo,Empleado en una empresa,Saber la tendencia del numero de casos 
VERDE,01/05/2020 19:40,1.00,22.1480036,-100.9732503,Masculino,25,esta pregunta no tiene sentido conteste que no,Trabajas por tu cuenta,oymtra vez
VERDE,01/05/2020 19:42,1.00,22.1725744,-100.9690607,Femenino,31,Sin respuesta,Te dedicas al hogar,el mapa no esta funcionando
AMARILLO,01/05/2020 19:45,1.00,22.1262704,-100.9901307,Femenino,27,por motivo de trabajo ,Empleado en el gobierno,orientacion 
VERDE,01/05/2020 19:52,1.00,22.1249796,-100.9368788,Masculino,22,trabajo,Trabajas por tu cuenta,con datos certeros
VERDE,01/05/2020 20:01,1.00,22.093304,-100.8612087,Femenino,22,Sin respuesta,Estudiante,. 
VERDE,01/05/2020 20:09,1.00,22.1738851,-101.0133343,Femenino,25,porque la empresa en donde trabajo es considera como esencial  agricola y en el area que estoy es de servicio al colaborador por lo tanto no puedo hacer home office ,Empleado en una empresa,todavia no la ultizo en su totalidad  si despues de usarla aun se pueden mandar comentarios  lo hare. Las preguntas de inicio me parecen adecuadas y concretas 
AMARILLO,01/05/2020 20:40,1.00,19.9359685,-97.9668452,Masculino,58,mi economia depende del trabajo diario ,Trabajas por tu cuenta,alertar cercania de contactos de riesgo o positivos 
VERDE,01/05/2020 21:34,1.00,19.3696262,-99.1505224,Femenino,65,Sin respuesta,Te dedicas al hogar,todo cool
VERDE,01/05/2020 21:46,1.00,19.5447427,-96.932122,Femenino,28,Sin respuesta,Empleado en una empresa, 
VERDE,01/05/2020 22:33,1.00,22.149193,-100.911502,Masculino,51,Trabajo,Empleado en el gobierno,Resultados de mi riesgo
VERDE,01/05/2020 22:37,1.00,22.1755502,-100.9335639,Masculino,26,trabajo ,Estudiante,brindando informacion 
VERDE,01/05/2020 23:22,1.00,22.1285202,-100.9887809,Femenino,29,Sin respuesta,Trabajas por tu cuenta,mayor informacion
VERDE,01/05/2020 23:46,1.00,22.1408172,-100.9283186,Masculino,28,Sin respuesta,Trabajas por tu cuenta,noticias
VERDE,02/05/2020 00:37,2.00,22.1857231,-100.9600293,Femenino,41,Sin respuesta,Te dedicas al hogar,que me dieran respuesta rapida
VERDE,02/05/2020 01:15,2.00,17.9591677,-92.980942,Masculino,34,Sin respuesta,Estudiante,Otro tipo de empleo  docente etcetera
VERDE,02/05/2020 01:20,2.00,22.1275303,-100.9811547,Femenino,24,trabajo hay muy poco personal solo he presentando dolor de cabeza y poco dolor de garganta,Empleado en una empresa,seria la primera vez que entro en ella quiza mas adelante pueda sugerir algo 
VERDE,02/05/2020 01:34,2.00,22.1133968,-100.8852333,Femenino,35,Sin respuesta,Te dedicas al hogar,difundirlo a nivel local con mayor presencia 
AMARILLO,02/05/2020 03:22,2.00,19.3037941,-99.1834654,Masculino,32,Sin respuesta,Empleado en una empresa,Recomendaciones generales
VERDE,02/05/2020 04:12,2.00,22.1603133,-100.9266909,Masculino,42,Sin respuesta,Empleado en el gobierno,no lo se
VERDE,02/05/2020 01:09,2.00,22.1434544,-100.9796614,Masculino,47,pues hay que trabajar para el sustento del hogar ,Empleado en una empresa,notificaciones de datos interesantes y veridivos
VERDE,02/05/2020 07:58,2.00,22.1740953,-100.9644379,Femenino,36,Sin respuesta,Empleado en el gobierno,en alguna enfermdad desglosar en casillas para seleccionar opciones 
VERDE,02/05/2020 09:41,2.00,22.1649823,-100.958403,Femenino,49,Sin respuesta,Empleado en el gobierno,falta preguntar si se cuenta con insumos necesarios como alimentos  medicamentos  etc
VERDE,02/05/2020 09:48,2.00,22.1719171,-101.0004037,Femenino,39,Sin respuesta,Trabajas por tu cuenta,hola 
VERDE,02/05/2020 10:59,2.00,19.4360172,-98.9704904,Masculino,41,No he recibido autorizacion de mi empleador para suspender actividades laborales  la empresa sigue en funcionamiento ,Empleado en una empresa,Informar de zonas de riesgo de infeccion 
VERDE,02/05/2020 11:07,2.00,22.1436492,-100.9916771,Femenino,34,Sin respuesta,Trabajas por tu cuenta,chequeo continuo 
VERDE,02/05/2020 11:26,2.00,22.1658877,-100.9819104,Femenino,56,Sin respuesta,Te dedicas al hogar,informacion real del comportamiento de la epidemia
NARANJA,02/05/2020 12:03,2.00,22.1417457,-100.9679177,Masculino,47,Sin respuesta,Empleado en una empresa,no se
VERDE,02/05/2020 12:25,2.00,20.0686596,-98.7777735,Masculino,40,Sin respuesta,Trabajas por tu cuenta,disponibilidad de los servicios de salud en caso de tener la enfermedad
AMARILLO,02/05/2020 12:34,2.00,21.9477679,-100.8569252,Masculino,22,Sin respuesta,Estudiante,.
VERDE,02/05/2020 12:50,2.00,22.1662464,-100.9820048,Masculino,29,Sin respuesta,Trabajas por tu cuenta,Me parece que la interfaz puede ser mas amigable  se me ocurren senales de voz.
VERDE,02/05/2020 13:20,2.00,21.2308364,-98.8777496,Femenino,19,Sin respuesta,Estudiante,esta muy bien asi
VERDE,02/05/2020 13:23,2.00,21.3388369,-98.8261009,Masculino,22,Sin respuesta,Estudiante,mas animaciones
MORADO,02/05/2020 13:25,2.00,21.2519208,-98.7918196,Masculino,21,Sin respuesta,Estudiante,es perfecta la informacion 
VERDE,02/05/2020 13:28,2.00,21.3581526,-98.837667,Masculino,20,Sin respuesta,Estudiante,pues en el momento esta bien
VERDE,02/05/2020 13:34,2.00,21.5291993,-98.9317841,Femenino,20,Sin respuesta,Estudiante,dandonos opciones acerca de lo que se presentan de la enfermedad
VERDE,02/05/2020 13:32,2.00,21.991633,-99.0169342,Femenino,21,Sin respuesta,Estudiante,. 
VERDE,02/05/2020 13:39,2.00,21.5291993,-98.9317841,Femenino,20,Sin respuesta,Estudiante,dandonos las precauciones necesarias
VERDE,02/05/2020 13:43,2.00,21.2050406,-99.1124676,Femenino,19,Sin respuesta,Estudiante,describiendo lo mas importante
VERDE,02/05/2020 13:40,2.00,21.1872777,-98.7860969,Femenino,26,Sin respuesta,Estudiante,Con brindarnos apoyo de esta manera es una excelente forma de brindarnos apoyo y no sentirnos solos
VERDE,02/05/2020 13:50,2.00,21.5291231,-98.9348658,Femenino,20,Sin respuesta,Estudiante,Respondiendo dudas. 
VERDE,02/05/2020 13:54,2.00,21.2654252,-98.7959407,Masculino,21,se necesita ir a comprar cosas para comer,Estudiante,no se
VERDE,02/05/2020 13:57,2.00,21.2640965,-98.7922992,Femenino,27,Sin respuesta,Estudiante,agregar opciones para anadir a los familiares de la casa en la aue habita el entrevistado 
VERDE,02/05/2020 13:59,2.00,21.2609632,-98.7688957,Femenino,19,Sin respuesta,Estudiante,Considerar escribir todos los sintomas 
VERDE,02/05/2020 14:10,2.00,21.3837848,-98.9969754,Femenino,18,Sin respuesta,Estudiante,Pues con la encuesta es una ayuda
VERDE,02/05/2020 14:20,2.00,21.213234,-98.6727639,Femenino,19,Sin respuesta,Estudiante,brindando informacion 
VERDE,02/05/2020 14:19,2.00,21.2503218,-98.7509207,Femenino,19,Sin respuesta,Estudiante,explicar mejor cuales son los sintomas 
VERDE,02/05/2020 14:24,2.00,21.2553662,-98.7489818,Femenino,21,Sin respuesta,Estudiante,me parece muy bien esta aplicacion.
VERDE,02/05/2020 14:32,2.00,21.4405106,-98.8771179,Masculino,29,Sin respuesta,Empleado en el gobierno,informacion  
VERDE,02/05/2020 14:31,2.00,21.399195,-98.7265706,Femenino,19,Sin respuesta,Estudiante,Dandome indicaciones de como protegerme y proteger a mi familia y dandome informacion sobre los centros centinela 
VERDE,02/05/2020 14:34,2.00,21.3213502,-99.0491789,Femenino,31,Sin respuesta,Empleado en el gobierno,preguntas mas concretas
AMARILLO,02/05/2020 14:42,2.00,21.2246132,-99.4748405,Femenino,27,soy trabajadora del sector salud,Empleado en el gobierno,brindado mejor informacion actualizada
VERDE,02/05/2020 14:43,2.00,22.1747726,-101.007032,Femenino,29,Sin respuesta,Estudiante,sin comentarios
MORADO,02/05/2020 14:51,2.00,19.5730517,-99.2522834,Masculino,46,soy Uber y tengo que genere ganacias para poder vivir ,Trabajas por tu cuenta,no lo se 
VERDE,02/05/2020 14:56,2.00,19.5100816,-99.2336803,Femenino,26,Sin respuesta,Empleado en una empresa,consejos para guardar carentena
VERDE,02/05/2020 15:00,2.00,21.5391188,-98.9114125,Femenino,30,Sin respuesta,Empleado en el gobierno,esta completo el test
AMARILLO,02/05/2020 15:03,2.00,21.2608811,-98.7896794,Femenino,24,Sin respuesta,Estudiante,algunos consejos que se pueden realizar para mejorar la enfermedad
VERDE,02/05/2020 14:59,2.00,21.5927068,-98.9661031,Femenino,18,Sin respuesta,Estudiante,manteniendome a el dia con la informacion necesaria
VERDE,02/05/2020 15:25,2.00,21.2047107,-98.8055954,Masculino,19,por necesidad ,Estudiante,ayudando 
MORADO,02/05/2020 14:51,2.00,19.5730517,-99.2522834,Masculino,46,soy Uber y tengo que genere ganacias para poder vivir ,Trabajas por tu cuenta,no lo se 
VERDE,02/05/2020 15:27,2.00,21.2126402,-98.8075353,Masculino,18,Sin respuesta,Estudiante,Dar informacion clave acerca del avance y propagacion de la pandemia.
VERDE,02/05/2020 15:35,2.00,21.4388524,-98.8756585,Femenino,20,Sin respuesta,Estudiante,Todo me parecio muy bien
VERDE,02/05/2020 15:38,2.00,16.8737256,-99.8797127,Masculino,40,Sin respuesta,Empleado en el gobierno,informando
VERDE,02/05/2020 15:40,2.00,21.5392875,-98.9115846,Masculino,32,Sin respuesta,Trabajas por tu cuenta,nada esta completo el test
VERDE,02/05/2020 15:43,2.00,21.2455133,-98.7791009,Femenino,19,Sin respuesta,Estudiante,poner las medidas preventivas de lo que podemos hacer si presentamos algun sintoma y no alarmarnos
VERDE,02/05/2020 15:46,2.00,21.3988815,-98.7277002,Femenino,21,Sin respuesta,Estudiante,A mi m parece muy bien  no cambiaria nada
VERDE,02/05/2020 15:46,2.00,21.2551607,-98.7491863,Femenino,19,Sin respuesta,Estudiante,soy estudiante pero trabajo los fines de semana .  entonces en la  pregunta de a que te dedicas me gustaria que se pudiera seleccionar 2 opciones en cada de que lo necesiten como de estudiar y trabajar
VERDE,02/05/2020 15:58,2.00,21.4552453,-98.8412017,Femenino,21,Sin respuesta,Estudiante,realizando recomendaciones 
VERDE,02/05/2020 15:59,2.00,25.3957493,-100.1363795,Femenino,19,Sin respuesta,Estudiante,dando mas opciones
VERDE,02/05/2020 16:12,2.00,22.137104,-100.9279032,Masculino,26,Sin respuesta,Estudiante,Mayor difusion
VERDE,02/05/2020 16:11,2.00,22.2637819,-101.1119396,Masculino,25,Sin respuesta,Estudiante,animaciones para facilidad de comprension 
VERDE,02/05/2020 16:14,2.00,21.2531311,-98.7932325,Masculino,44,Sin respuesta,Empleado en el gobierno,informando con veracidad  
VERDE,02/05/2020 16:15,2.00,24.796652,-107.4068298,Femenino,27,Sin respuesta,Empleado en el gobierno,seguimiento a mis sintomas  ya que ayer comence con dolor fuerte de cabeza  hoy ganas de vomitar temperatura baja  dolor de ojos y escalofrios
VERDE,02/05/2020 16:14,2.00,21.2394892,-98.6967712,Masculino,18,trabajo,Estudiante,informando dia a dia los aumentos de casos del virus y los lugares en donde esta el virus
VERDE,02/05/2020 16:20,2.00,21.209262,-98.6738215,Femenino,30,Sin respuesta,Empleado en el gobierno,no se
VERDE,02/05/2020 16:24,2.00,21.2569466,-98.7805416,Masculino,40,Sin respuesta,Empleado en el gobierno,resolviendo dudad
VERDE,02/05/2020 21:19,2.00,21.2642343,-98.7969999,Masculino,19,Sin respuesta,Estudiante,dando informacion del covitd 19 para que se tomen las medidas preventivas ya que algunas no hacen casi omiso en eso y poner imagenes esta muy siemple asi
VERDE,02/05/2020 16:28,2.00,22.0626641,-100.8622794,Femenino,38,Sin respuesta,Te dedicas al hogar,que hacer en caso de contagio.
VERDE,02/05/2020 16:31,2.00,21.2575563,-98.7467971,Femenino,18,Sin respuesta,Estudiante,esta muy bien la aplicacion  tiene muy buen apoyo
VERDE,02/05/2020 16:30,2.00,22.1643535,-100.9885935,Masculino,21,Sin respuesta,Estudiante,Informacion a cerca de los avances en tratamientos contra el COVID19
VERDE,02/05/2020 16:47,2.00,21.2523517,-98.7906801,Femenino,19,Sin respuesta,Estudiante,dar a conocer los sitios en donde pueden realizar pruebas 
VERDE,02/05/2020 16:54,2.00,21.6109715,-98.670644,Femenino,18,Sin respuesta,Estudiante,preguntas como viajes a otros estados y saber los mitos y realidades de la enfermedad
VERDE,02/05/2020 16:59,2.00,22.1739057,-101.0129229,Masculino,27,Sin respuesta,Estudiante,.
VERDE,02/05/2020 17:05,2.00,21.6505062,-99.8268932,Femenino,35,Sin respuesta,Trabajas por tu cuenta,poner linea de ayuda
ROJO,02/05/2020 17:08,2.00,21.6505054,-99.826893,Masculino,40,por que tengo que trabajar ,Trabajas por tu cuenta,ninguna
VERDE,02/05/2020 17:11,2.00,21.327723,-98.7935487,Femenino,19,por que trqbqjo,Trabajas por tu cuenta,informarnos mas de esta enfermedad
VERDE,02/05/2020 17:19,2.00,21.2179382,-98.7644186,Femenino,19,Sin respuesta,Estudiante,dando mas informacion hacerca del covid 19 
VERDE,02/05/2020 17:24,2.00,21.4395167,-98.8021387,Femenino,19,Sin respuesta,Estudiante,dando las estadisticas al dia de contagios y posibles sospechosos  de covid 19
VERDE,02/05/2020 17:36,2.00,21.2346012,-98.8262755,Femenino,17,Sin respuesta,Estudiante,Informar sobre los lugares donde ya se presentan casos de CoViD19 en el estado de San Luis Potosi para estar mas al pendiente y dar los numeros a los que se debe de marcar si se tiene los sintomas 
VERDE,02/05/2020 17:45,2.00,21.2533278,-98.7484754,Femenino,19,Sin respuesta,Estudiante,informacion sobre vias de transmision 
VERDE,02/05/2020 18:33,2.00,21.3398051,-98.8278819,Femenino,20,Sin respuesta,Estudiante,hacer las preguntas mas cortas o hacer que se vean las preguntas ya que no me permite verlas por completo 
VERDE,02/05/2020 18:38,2.00,21.6364417,-99.823555,Femenino,20,Sin respuesta,Estudiante,no se 
VERDE,02/05/2020 18:51,2.00,21.2533401,-98.7484762,Femenino,23,Sin respuesta,Estudiante,poder elegir opciones de enfermedades cronico degenerativas o inmnuodeprimidas  y rango de edades
VERDE,02/05/2020 19:09,2.00,22.1242245,-100.9426823,Masculino,21,Sin respuesta,Trabajas por tu cuenta,proporcionando informacion de riesgos 
VERDE,02/05/2020 19:37,2.00,21.2623785,-98.7937034,Femenino,18,Sin respuesta,Estudiante,recomendasiones
VERDE,02/05/2020 20:08,2.00,22.1617566,-100.9293883,Femenino,23,Sin respuesta,No estudias ni trabajas,Una barra o flecha que indique que hay mas opciones en la parte de abajo 
VERDE,02/05/2020 20:13,2.00,21.1957576,-98.8284334,Masculino,19,Sin respuesta,Estudiante,brindado informacion sobre sintomas o como pueden prevenir y que aser en caso de que ya estube en contacto con una persona infectada 
AMARILLO,02/05/2020 21:03,2.00,22.1097266,-100.8790685,Masculino,28,Actividad Escencoial,Empleado en una empresa,. 
VERDE,02/05/2020 21:16,2.00,22.1326339,-101.0317414,Femenino,48,Sin respuesta,Empleado en una empresa,dar ubicacion de la mayoria de casos en la ciudad
VERDE,02/05/2020 21:21,2.00,22.1373775,-100.9333379,Femenino,31,Sin respuesta,Empleado en el gobierno,actualizacion de sintomatologia y mencionar cuidados en casa 
VERDE,02/05/2020 22:03,2.00,21.2564715,-98.7859534,Femenino,22,Sin respuesta,Estudiante,Dando un listado dependiendo mi ubicacion con quien me pueda comunicar en caso de ser un caso sospechoso y tambien de con quien puedo recurrir en caso de falta de comida ya que muchas personas dejaran de tener los mismos ingresos que antes
VERDE,02/05/2020 22:29,2.00,22.1530344,-101.0028682,Masculino,22,Sin respuesta,Estudiante,informacion actualizada cada dia 
VERDE,02/05/2020 22:30,2.00,22.1031984,-100.9319734,Femenino,34,Sin respuesta,Empleado en una empresa,Centro de Salud adecuado en caso de sintomas COVID
VERDE,02/05/2020 22:51,2.00,22.1721814,-101.0059974,Femenino,38,Sin respuesta,Trabajas por tu cuenta,preguntar domicilio
VERDE,02/05/2020 22:41,2.00,22.1538532,-101.0180836,Masculino,36,trabajo.,Trabajas por tu cuenta,No se necesitan los permisos de acceso a fotos y ubicacion...
VERDE,02/05/2020 22:57,2.00,22.1724625,-101.0059927,Femenino,62,Sin respuesta,Te dedicas al hogar,en caso de sintomas facilitar los hospitales para acudir
VERDE,02/05/2020 23:26,2.00,22.1414334,-100.9500274,Femenino,35,Sin respuesta,Trabajas por tu cuenta,ninguno
VERDE,02/05/2020 23:25,2.00,21.3427909,-98.8370669,Femenino,18,Sin respuesta,Estudiante,mas test
VERDE,02/05/2020 23:32,2.00,22.1288311,-100.986758,Masculino,23,Sin respuesta,Estudiante,Informacion actualizada 
VERDE,02/05/2020 23:42,2.00,22.1374808,-101.0102778,Femenino,47,Sin respuesta,Trabajas por tu cuenta,aun no he revisado la app. 
VERDE,02/05/2020 23:50,2.00,22.1352361,-100.9659792,Masculino,48,Sin respuesta,Empleado en el gobierno,mas facil localizacion en Google store
VERDE,03/05/2020 06:37,3.00,22.1358971,-100.9292301,Masculino,45,Sin respuesta,Trabajas por tu cuenta,brindando info
VERDE,03/05/2020 08:11,3.00,21.8085359,-100.931012,Masculino,30,Sin respuesta,Empleado en el gobierno,brindando informacion actualizada 
VERDE,03/05/2020 08:12,3.00,22.0943556,-100.874424,Masculino,28,por el trabajo,Trabajas por tu cuenta,no se
MORADO,03/05/2020 09:19,3.00,22.1871586,-101.0268945,Femenino,14,Sin respuesta,Estudiante,no se
VERDE,03/05/2020 09:26,3.00,22.1237408,-100.8982864,Femenino,27,Sin respuesta,Empleado en una empresa,nada
VERDE,03/05/2020 09:33,3.00,22.1478774,-101.0276293,Masculino,47,Sin respuesta,Trabajas por tu cuenta,.
VERDE,03/05/2020 09:38,3.00,22.147856,-101.02759,Femenino,47,Sin respuesta,Empleado en una empresa,faltan ocupaciones que no quedaron cubiertas como empleados area de la salud  y en comorbilidades precisar cuantas se tienen 
VERDE,03/05/2020 09:41,3.00,22.1588079,-100.9626124,Femenino,40,por el trabajo  y porque no tengo suficiente despensa,Empleado en una empresa,especificar a que se refiere con poder quedarse en casa a pesar de los sintomas
NARANJA,02/05/2020 21:12,2.00,21.5408085,-98.897511,Masculino,25,Sin respuesta,Trabajas por tu cuenta,necesitamos que mas personas ocupen este app
NARANJA,03/05/2020 10:16,3.00,22.1417428,-100.9679181,Masculino,47,Sin respuesta,Empleado en una empresa,no se
VERDE,03/05/2020 10:10,3.00,22.1675665,-101.0071159,Masculino,45,soy protesista dental  trabajo para un area medica  que es la dental y soy el que elabora las protesis de pacientes,Trabajas por tu cuenta,considero que mi trabajo es esencial  por que trabajo para una rama medica y veo que no hay mucha informacion para un tecnico dental  aunque no tenemos contacto directo con pacientes  en donde podemos ver mas informacion para el area del laboratorio Dental 
VERDE,03/05/2020 10:24,3.00,21.9795282,-99.0072898,Masculino,44,Sin respuesta,Empleado en el gobierno,.
VERDE,03/05/2020 10:47,3.00,22.1757934,-100.9966889,Masculino,31,mi trabajo,Trabajas por tu cuenta,aplicacion pendeja
VERDE,03/05/2020 10:48,3.00,22.1739074,-101.0129429,Masculino,27,Sin respuesta,Estudiante,Todo perfecto
VERDE,03/05/2020 10:49,3.00,22.1757671,-100.9966791,Femenino,45,Sin respuesta,Te dedicas al hogar,aplicacion pendeja  palabras de la chaparra
VERDE,03/05/2020 11:00,3.00,22.0626688,-100.8622483,Femenino,38,Sin respuesta,Te dedicas al hogar,poner una alerta se usar diario la aplicacion.
VERDE,03/05/2020 11:47,3.00,22.1621253,-100.9882795,Femenino,21,Sin respuesta,Estudiante,. 
VERDE,03/05/2020 12:08,3.00,22.1226228,-100.9634148,Femenino,25,Sin respuesta,Estudiante,estoy por usarla pero me parece muy buenq
MORADO,03/05/2020 12:49,3.00,22.1472728,-100.9858449,Femenino,26,Sin respuesta,Empleado en el gobierno,monitoreo y alertas 
VERDE,03/05/2020 13:17,3.00,23.663678,-100.6511054,Masculino,57,Elaboro alimentos,Empleado en una empresa,Informacion de casos registrados
VERDE,03/05/2020 13:22,3.00,22.1455675,-100.9733891,Femenino,41,trabajo en actividad esencial ,Empleado en una empresa,todo bien 
ROJO,03/05/2020 15:04,3.00,27.4347578,-99.5083762,Femenino,15,Sin respuesta,Estudiante,.
VERDE,03/05/2020 16:18,3.00,22.1371015,-100.9278966,Masculino,26,Sin respuesta,Estudiante,La primera pregunta debe ser si tienes algun cambio respecto al dia anterior  para motivar a que las personas usen la app a diario.
VERDE,03/05/2020 16:29,3.00,22.1563207,-100.98046,Femenino,32,Sin respuesta,Te dedicas al hogar,esta bien
MORADO,03/05/2020 16:37,3.00,22.1564539,-100.9803944,Masculino,28,trabajo ,Trabajas por tu cuenta,esta bien 
VERDE,03/05/2020 17:12,3.00,22.1256049,-100.9893129,Femenino,43,Sin respuesta,Empleado en el gobierno, Nada
VERDE,03/05/2020 17:54,3.00,23.639272,-100.6433209,Femenino,50,por que soy empleado de gobierno y tengo que cubrir guardias,Empleado en el gobierno,darle mayor difusion 
VERDE,03/05/2020 18:46,3.00,22.1735558,-100.9980449,Masculino,21,Sin respuesta,Estudiante,. 
VERDE,03/05/2020 18:48,3.00,22.1736229,-100.9980795,Femenino,26,Sin respuesta,Empleado en el gobierno,. 
ROJO,03/05/2020 18:52,3.00,19.4643814,-99.1763672,Femenino,39,Sin respuesta,Empleado en una empresa,xxxxxxxx
VERDE,03/05/2020 18:59,3.00,22.1617566,-100.9293896,Femenino,23,Sin respuesta,No estudias ni trabajas, 
VERDE,03/05/2020 20:28,3.00,21.3876724,-98.9768444,Masculino,23,Sin respuesta,Estudiante,Compartiendo informes  investigaciones  informacion actualizada  o datos sobre  signos y sintomas  datos sobre la actuacion ante un caso sospechoso o confirmado. 
VERDE,03/05/2020 20:33,3.00,21.2911857,-99.1173342,Femenino,22,Sin respuesta,Estudiante,informacion sobre contactos a los cuales se puede llamar en caso de presentar dintomas
VERDE,03/05/2020 20:40,3.00,21.6505018,-99.8268904,Femenino,35,tengo que trabajar,Trabajas por tu cuenta,no
VERDE,03/05/2020 21:43,3.00,22.1364068,-100.9447794,Masculino,20,Sin respuesta,Estudiante,mapaas de miestreo 
VERDE,03/05/2020 21:56,3.00,22.1929647,-100.9550609,Masculino,37,trabajo,Trabajas por tu cuenta,podria mandar algun tipo de aviso
VERDE,03/05/2020 21:56,3.00,22.1443488,-100.9104346,Femenino,45,Sin respuesta,Te dedicas al hogar,todo bien muchas gracias
VERDE,03/05/2020 22:02,3.00,22.1259333,-100.9898462,Masculino,31,Sin respuesta,Trabajas por tu cuenta,.
VERDE,03/05/2020 22:21,3.00,22.1377339,-101.0131513,Femenino,20,Sin respuesta,Trabajas por tu cuenta,Informacion diaria
VERDE,03/05/2020 22:34,3.00,22.1374475,-101.0078886,Masculino,42,Sin respuesta,Trabajas por tu cuenta,Justo ahora la descargue y estare el proceso de utilizarla 
VERDE,03/05/2020 23:05,3.00,25.721227,-100.3745075,Masculino,25,Sin respuesta,Estudiante,Rangos de mortalidad con base a comorbilidades 
VERDE,03/05/2020 23:10,3.00,22.1728108,-100.994805,Femenino,39,Sin respuesta,Empleado en una empresa,no la conozco aun  no se como podrian mejorarla
VERDE,03/05/2020 23:30,3.00,22.1808987,-101.0115257,Femenino,25,porque debo seguir trabajando para mantener el ingreso en mi hogar,Trabajas por tu cuenta,Proporcionando informacion de que hacer en caso de presentar sintomas.
VERDE,03/05/2020 23:46,3.00,22.137109,-100.962883,Masculino,25,Sin respuesta,Estudiante,separando los sintomas por pregunta
VERDE,03/05/2020 23:47,3.00,19.3252365,-99.1717973,Masculino,40,Sin respuesta,Empleado en una empresa,no lo se
VERDE,03/05/2020 23:55,3.00,22.1460319,-100.9958455,Masculino,35,por mi actividad laboral,Empleado en una empresa,.
VERDE,04/05/2020 00:08,4.00,22.1878306,-100.9568857,Masculino,42,. ,Empleado en una empresa,. 
VERDE,04/05/2020 00:59,4.00,22.155909,-100.9977161,Masculino,30,Sin respuesta,Estudiante,todo bien 
VERDE,04/05/2020 01:08,4.00,22.1657186,-100.9977868,Femenino,38,Sin respuesta,Empleado en el gobierno,telefonos 
VERDE,04/05/2020 02:19,4.00,22.1499798,-100.9167386,Masculino,34,Sin respuesta,Trabajas por tu cuenta,mantenerme al dia con la informacion necesaria 
ROJO,04/05/2020 03:28,4.00,22.1956121,-101.0007269,Masculino,28,Sin respuesta,Empleado en el gobierno,Actualizando la informacion constantemente. 
AMARILLO,04/05/2020 03:41,4.00,22.1477132,-100.960309,Masculino,19,Sin respuesta,Trabajas por tu cuenta,videollamadas personalizadas
VERDE,04/05/2020 07:11,4.00,22.1535576,-100.9786708,Masculino,33,Sin respuesta,Trabajas por tu cuenta,Me parece buena herramienta. 
VERDE,04/05/2020 07:26,4.00,22.1762807,-100.9792943,Femenino,42,Sin respuesta,Empleado en el gobierno,describir mejor los sintomas de la enfermedad  y el trabajo  
VERDE,04/05/2020 10:22,4.00,22.1539142,-101.0179867,Masculino,36,Sin respuesta,Trabajas por tu cuenta,.
VERDE,04/05/2020 11:38,4.00,22.1358979,-101.0242132,Masculino,35,Sin respuesta,Empleado en el gobierno,m
VERDE,04/05/2020 12:57,4.00,22.1347172,-101.0385726,Femenino,35,Sin respuesta,Empleado en una empresa,cambiar ubicacion
VERDE,04/05/2020 13:16,4.00,21.4005568,-98.7261519,Femenino,20,Sin respuesta,Estudiante,pues brindando informacion  hacerca de el virus 
VERDE,04/05/2020 13:23,4.00,22.1559868,-101.0173225,Femenino,22,Sin respuesta,Estudiante,informacion 
VERDE,04/05/2020 13:26,4.00,22.1729291,-100.983355,Femenino,35,Sin respuesta,Estudiante,..
VERDE,04/05/2020 14:03,4.00,22.7643493,-102.5937586,Masculino,28,Sin respuesta,Te dedicas al hogar,sigan compartiendo informacion cono lo han hecho hasta ahora  es bastante basica y ayuda a la poblacion que no pertence al rubro cientifico. 
VERDE,04/05/2020 14:27,4.00,22.1391825,-100.9655172,Masculino,26,Sin respuesta,Empleado en una empresa,implementar un modelo SIR de SLP
VERDE,04/05/2020 14:45,4.00,22.1958123,-101.0148763,Femenino,61,Sin respuesta,Empleado en el gobierno,informacion al dia del coronavirus
VERDE,04/05/2020 15:24,4.00,19.2043411,-104.6782798,Femenino,55,Debo viajar Manzanillo Cd. de Mexico Vancouver  Canada esta semana,Trabajas por tu cuenta,No por el momento
VERDE,04/05/2020 15:25,4.00,22.1784844,-100.9210968,Femenino,31,Sin respuesta,Empleado en el gobierno,telefono 
VERDE,04/05/2020 16:41,4.00,22.1358018,-100.941629,Masculino,49,Sin respuesta,Empleado en el gobierno,mayor sensibilidad para poder ayudarnos si tenemos uno o varios de los sintomas de la enfermedad
VERDE,04/05/2020 17:30,4.00,22.1646714,-100.9805028,Femenino,36,tengo trabajo de manera independiente. es mi unico ingreso ,Trabajas por tu cuenta,no se que mas ya que es la primera vez que acceso. no se  si haran mas preguntas y como es que podrian ayudar a alguien que lo necesite en determinado momento de crisis sino tiene ayuda cercana. 
MARRON,04/05/2020 17:33,4.00,22.1647023,-100.9805496,Masculino,59,trabajo en Pemex cd del carmen campeche ,Empleado en una empresa,creo que es buen servicio a lo que llevo leido 
MORADO,04/05/2020 17:59,4.00,22.1274534,-100.9897934,Femenino,26,Sin respuesta,Empleado en el gobierno,decir mas sobre los sintomas 
VERDE,04/05/2020 17:59,4.00,22.1617396,-100.929381,Femenino,23,Sin respuesta,No estudias ni trabajas, 
VERDE,04/05/2020 18:36,4.00,22.1399034,-101.0150748,Femenino,55,por trabajo ,Empleado en una empresa,no se
AMARILLO,04/05/2020 18:48,4.00,22.1686514,-100.996983,Femenino,34,Sin respuesta,Estudiante,dar seguimiento y orientacion sobre que bueno hacer en caso de presentar sintomas
AMARILLO,04/05/2020 19:14,4.00,22.1097224,-100.8790755,Masculino,28,actividades esenciales ,Empleado en una empresa,. 
MORADO,04/05/2020 19:44,4.00,22.1598183,-100.98996,Femenino,28,Sin respuesta,Trabajas por tu cuenta,.
VERDE,04/05/2020 19:47,4.00,22.15984,-100.9899867,Femenino,28,Sin respuesta,Trabajas por tu cuenta,.
VERDE,04/05/2020 20:35,4.00,22.1337972,-100.9837505,Masculino,28,Sin respuesta,Empleado en una empresa,que se observe el mapa de riesgo de la ciudad
VERDE,04/05/2020 20:35,4.00,22.165917,-100.9819149,Femenino,56,Sin respuesta,Te dedicas al hogar,publicando datos reales de la pandemia
VERDE,04/05/2020 20:36,4.00,22.1563561,-100.9804655,Femenino,32,Sin respuesta,Te dedicas al hogar,esta bien 
VERDE,04/05/2020 22:33,4.00,22.1740461,-101.0132526,Femenino,39,Sin respuesta,Empleado en el gobierno,ubicacion
VERDE,04/05/2020 23:33,4.00,22.1315769,-100.9139175,Femenino,32,Sin respuesta,Empleado en el gobierno,informando sobre medidas de seguridad 
VERDE,04/05/2020 23:37,4.00,22.1315635,-100.9139318,Masculino,66,Sin respuesta,Trabajas por tu cuenta,informacion sobre las precauciones al salir por insumos
VERDE,05/05/2020 03:35,5.00,22.1729325,-100.9833433,Femenino,35,Sin respuesta,Trabajas por tu cuenta,informacion para personal de salud 
VERDE,05/05/2020 03:42,5.00,22.1729361,-100.983353,Femenino,35,Sin respuesta,Trabajas por tu cuenta,informacion para personal de salud
MARRON,05/05/2020 03:44,5.00,22.172545,-100.98369,Femenino,35,Sin respuesta,Trabajas por tu cuenta,por ahora todo bien 
MORADO,05/05/2020 06:01,5.00,22.159315,-100.9914962,Masculino,27,Sin respuesta,Empleado en una empresa,todo muy bien 
VERDE,05/05/2020 08:09,5.00,22.1367219,-100.9771973,Masculino,36,Sin respuesta,Trabajas por tu cuenta,todo bien 
VERDE,05/05/2020 08:33,5.00,22.1709647,-100.9982752,Masculino,24,Soy personal de salud. ,Empleado en una empresa,. 
VERDE,05/05/2020 09:05,5.00,22.1564428,-101.0169136,Masculino,28,Sin respuesta,Estudiante,NA
VERDE,05/05/2020 10:00,5.00,22.1307643,-100.9562548,Masculino,33,Sin respuesta,Trabajas por tu cuenta,Me parece bien el estado actual de la app
VERDE,05/05/2020 10:18,5.00,22.1949458,-100.9324698,Femenino,22,Sin respuesta,Empleado en el gobierno,Que el monitoreo sea por familia 
VERDE,05/05/2020 10:39,5.00,22.146502,-100.9884378,Femenino,24,Sin respuesta,Empleado en una empresa,.
VERDE,05/05/2020 10:48,5.00,22.1076073,-100.9499728,Masculino,21,Sin respuesta,Estudiante,nada
VERDE,05/05/2020 11:14,5.00,21.3329129,-98.7789642,Femenino,22,Sin respuesta,Estudiante,informando acerca de la enfermedad 
VERDE,05/05/2020 11:27,5.00,21.3329115,-98.7789719,Femenino,24,Sin respuesta,Estudiante,obteniendo informacion fundamental y relevante sobre la pandemia 
VERDE,05/05/2020 11:26,5.00,22.1411886,-100.9744938,Femenino,35,Sin respuesta,Trabajas por tu cuenta,hacerla mas ligera. pesa mucho para un celular convencional. la mayoria de las personas tienen este tipo de celular de gama baja. 
VERDE,05/05/2020 11:42,5.00,21.9755031,-98.995318,Femenino,20,Sin respuesta,Estudiante,informandome mas sobre la situacion 
VERDE,05/05/2020 12:10,5.00,22.1153366,-100.8824278,Femenino,25,Sin respuesta,Empleado en el gobierno,Excelente app
VERDE,05/05/2020 12:50,5.00,21.2129971,-98.6749335,Femenino,19,Sin respuesta,Estudiante,tener un bloque de recomendaciones para evitar contagios  ya que algunas personas no estan informadas sobre las formas de contagio 
VERDE,05/05/2020 13:03,5.00,22.1378441,-100.9889694,Masculino,27,Sin respuesta,Estudiante,especificar de manera coloquial a que se refieren las enfermedades cronicas mencionadas  algunas personas no identifican el nombre de la enfermedad aunque la padezcan 
VERDE,05/05/2020 13:48,5.00,22.1337938,-100.9837739,Masculino,28,Sin respuesta,Empleado en una empresa,mostrar mapas del riesgo de los otros. 
VERDE,05/05/2020 13:52,5.00,22.1337916,-100.9837719,Masculino,28,Sin respuesta,Empleado en una empresa,exponer mapas de riesgo en la app
VERDE,05/05/2020 14:00,5.00,22.1338296,-100.9837447,Masculino,28,Sin respuesta,Empleado en una empresa,bien
VERDE,05/05/2020 14:52,5.00,21.2653414,-98.7937716,Femenino,25,Sin respuesta,Estudiante,dar informacion sobre los cuidados en casa para el covid 19
VERDE,05/05/2020 14:07,5.00,22.1763149,-101.0524638,Femenino,24,Sin respuesta,Empleado en una empresa,recibiendo una notificacion diaria para completar un test sobre nuestra salud 
VERDE,05/05/2020 15:18,5.00,22.2637822,-101.1119396,Masculino,25,Sin respuesta,Estudiante,Todo bien 
VERDE,05/05/2020 16:22,5.00,22.1539191,-100.9864269,Masculino,13,Sin respuesta,Estudiante,nada
VERDE,05/05/2020 16:23,5.00,22.1539357,-100.9863525,Femenino,46,Sin respuesta,Empleado en una empresa,todo bien 
VERDE,05/05/2020 16:23,5.00,22.167809,-100.9991062,Masculino,25,Sin respuesta,Estudiante,haciendo las estadisticas  para tener informacion mas precisa de lo que pasa en la ciudad 
AMARILLO,05/05/2020 17:43,5.00,-36.7809735,-73.0800809,Masculino,33,Sin respuesta,Empleado en el gobierno,indicando las formas de disminuir el riesgo de contagio 
MORADO,05/05/2020 18:50,5.00,22.1412321,-100.9581157,Masculino,33,tengo hijos pequenos,Empleado en una empresa,enviando inmediatamente personal en caso de presentar los sintomas
VERDE,05/05/2020 20:34,5.00,22.1617468,-100.929389,Femenino,23,Sin respuesta,No estudias ni trabajas, 
VERDE,05/05/2020 22:24,5.00,20.5231113,-100.4388782,Masculino,33,Sin respuesta,Empleado en una empresa,informacion y estadistica sobre recuperaciones  asi como mantener informado sobre vacunas y tratamiento
VERDE,05/05/2020 23:37,5.00,22.1428658,-100.9371884,Femenino,29,Sin respuesta,Empleado en una empresa,sin comentarios 
VERDE,05/05/2020 23:54,5.00,22.1242611,-100.9584531,Femenino,33,Sin respuesta,Empleado en el gobierno,que tenga una alerta  para que no se me olvide usarla a diario 
VERDE,06/05/2020 00:01,6.00,22.1745022,-101.0114168,Masculino,28,Sin respuesta,Empleado en una empresa,Con un numero de contacto 
VERDE,06/05/2020 00:05,6.00,22.1313035,-100.9099554,Femenino,26,Sin respuesta,Empleado en una empresa,Priorizar los sintomas  una pregunta por sintoma para mejor control 
VERDE,06/05/2020 00:16,6.00,23.7295981,-99.0896171,Masculino,41,Sin respuesta,Trabajas por tu cuenta,esta muy bien
VERDE,06/05/2020 00:15,6.00,19.4692425,-99.054926,Femenino,23,Sin respuesta,Estudiante,.
VERDE,06/05/2020 02:02,6.00,25.7869089,-100.3282601,Femenino,18,Sin respuesta,Estudiante,. 
VERDE,06/05/2020 07:21,6.00,22.1647161,-100.9805184,Femenino,36,cuestion laboral ,Trabajas por tu cuenta,apenas vere como co Creta. pero he leido manuales me parece buen apoyo 
VERDE,06/05/2020 07:32,6.00,22.1257889,-100.9900014,Femenino,32,Sin respuesta,Empleado en el gobierno,.
NARANJA,06/05/2020 08:11,6.00,18.6518128,-91.7844285,Masculino,59,Sin respuesta,Empleado en el gobierno,  
VERDE,06/05/2020 09:27,6.00,22.15011,-101.0364265,Masculino,30,trabajo,Empleado en el gobierno,podrian mostrar el mapa de riesgo en la ciudad
VERDE,06/05/2020 09:28,6.00,22.1406528,-101.0298405,Masculino,52,trabajo en una actividad esencial,Trabajas por tu cuenta,aun no conozco la aplicacion  empezamos con el cuestionario.despues hare mis comentarios
VERDE,06/05/2020 09:31,6.00,22.1341743,-100.9227713,Masculino,42,trabajo,Empleado en el gobierno,ninguno
VERDE,06/05/2020 10:32,6.00,22.1184081,-100.9016775,Femenino,48,Sin respuesta,Empleado en una empresa,gracias
VERDE,06/05/2020 10:44,6.00,22.1094523,-100.9315762,Masculino,23,Sin respuesta,Empleado en una empresa,informacion 
VERDE,06/05/2020 11:03,6.00,22.1721741,-101.0146887,Masculino,57,Sin respuesta,Te dedicas al hogar,Excelente iniciativa. faltaria incluir  no se si sea util  mediciones o nivekes  porvejemplo de Presion arterial en los ultimos 15 dias o niveles de glucoa
VERDE,06/05/2020 11:14,6.00,22.1468259,-100.8988708,Femenino,47,Sin respuesta,Empleado en una empresa,No se me ocurre nada de momento.
VERDE,06/05/2020 11:20,6.00,21.9190001,-99.9491371,Masculino,28,Sin respuesta,Trabajas por tu cuenta,Ser mas dinamica 
MORADO,06/05/2020 11:31,6.00,22.147219,-100.9785084,Masculino,24,Tengo que venir a trabajar ,Empleado en una empresa,incluir los centros cercanos para revision por covid 19 
VERDE,06/05/2020 11:35,6.00,22.1404352,-100.9575464,Masculino,35,Sin respuesta,Estudiante,un mapa de zonas de alto riesgo 
VERDE,06/05/2020 11:38,6.00,20.7005096,-101.348247,Femenino,27,Sin respuesta,Estudiante,saber de hospitales disponibles
VERDE,06/05/2020 11:44,6.00,21.7933372,-100.7409497,Masculino,30,Cuestion laboral y abastecer despensa,Trabajas por tu cuenta,informacion sobre la situacion de covid19  en mi municipio al igual la situacion que se vive en la capital potosina. tambien dandome a conocer los lugares de mas alto riesgo de contagio para tomar las medidas necesarias o en su caso no acudir a esos lugares
VERDE,06/05/2020 11:47,6.00,22.0626385,-100.8622968,Femenino,38,Sin respuesta,Te dedicas al hogar,recordarnos que tenemos que contestar todos los dias la encuesta
VERDE,06/05/2020 12:21,6.00,22.1328851,-100.9803044,Femenino,59,Sin respuesta,Te dedicas al hogar,consejos si empieza algun sintoma y de acuerdo a mis caracteristicas de salud  que hacer 
VERDE,06/05/2020 12:51,6.00,22.147174,-101.0120929,Femenino,24,trabajando,Empleado en una empresa, no lo se aun no conozco bien la app
VERDE,06/05/2020 13:08,6.00,22.1854306,-101.0228846,Masculino,52,Sin respuesta,Empleado en una empresa,informacion local de localizacion geografica de casos  curva local  proyectos  noticias
VERDE,06/05/2020 14:30,6.00,21.1872785,-98.7860983,Femenino,18,Sin respuesta,Estudiante,la aplicacion esta perfecta 
VERDE,06/05/2020 14:45,6.00,22.1553578,-100.9888553,Masculino,27,Sin respuesta,Trabajas por tu cuenta,ninguno
VERDE,06/05/2020 15:30,6.00,22.1804598,-101.006964,Femenino,26,Sin respuesta,Empleado en el gobierno,Explicar las diferencias entre los sintomas de Covid y gripa  resfriado etc 
VERDE,06/05/2020 16:09,6.00,22.1532607,-100.9537333,Masculino,26,Sin respuesta,Estudiante,estadisticas en tiempo real
ROJO,06/05/2020 16:13,6.00,22.1486147,-100.9136226,Femenino,60,Sin respuesta,Te dedicas al hogar,sin comentarios 
VERDE,06/05/2020 19:10,6.00,22.1317004,-100.8968178,Masculino,42,Sin respuesta,Trabajas por tu cuenta,no lo se
AMARILLO,06/05/2020 19:17,6.00,19.3341214,-99.1378239,Masculino,28,Sin respuesta,No estudias ni trabajas,numeros de emergencia 
VERDE,06/05/2020 19:21,6.00,22.1131229,-100.9439883,Masculino,49,soy medico,Empleado en el gobierno,incluir como criterio si es personal de salud o que trabaje en el sector salud en atencion directa a pacientes.
VERDE,06/05/2020 19:24,6.00,22.1465622,-101.0020362,Masculino,44,Sin respuesta,Trabajas por tu cuenta,proporcionar informacion ya que hay muchos fake
VERDE,06/05/2020 19:26,6.00,22.1780351,-100.995314,Masculino,32,por trabajo,Empleado en una empresa,mad preguntas
VERDE,06/05/2020 19:37,6.00,22.1658989,-100.9819139,Femenino,56,Sin respuesta,Te dedicas al hogar,informacion real de la epidemia
VERDE,06/05/2020 19:48,6.00,21.2554084,-98.7496238,Femenino,22,Sin respuesta,Estudiante,brindando imagenes sobre los signos y sintomas y dando recomendaciones para cuidarse
VERDE,06/05/2020 20:02,6.00,22.1102425,-101.0111234,Masculino,20,Sin respuesta,Empleado en una empresa,Contactar servicios de salud y consejos
VERDE,06/05/2020 20:33,6.00,22.1574953,-100.9502813,Masculino,39,trabajo,Empleado en una empresa,dar mas informacion
VERDE,06/05/2020 21:27,6.00,22.2029546,-100.9552754,Masculino,29,Sin respuesta,Empleado en una empresa,Dar mas opciones en cada pregunta
VERDE,06/05/2020 21:28,6.00,22.1617372,-100.9293879,Femenino,23,Sin respuesta,No estudias ni trabajas,Actualizar algunas preguntas como la que indica el antecedente de viaje  deberian de incluir no solo viaje a extranjero  si no tambien viaje a zonas con gran numero de casos. 
VERDE,06/05/2020 21:34,6.00,22.1313019,-100.9363813,Femenino,37,soy enfermera de clinica ,Empleado en el gobierno,preguntar si como  miembro de la salud se  te  ha realizado la prueba  covid  deberian de implementar la prueba como protocolo. es sugerencia ya q estamos expuestos.
VERDE,06/05/2020 21:56,6.00,22.1758321,-101.0171753,Femenino,47,Sin respuesta,Empleado en el gobierno,no tengo idea de que  mas podria necesitar en una aplicacion de este tipo   la instale  solo para tener cierto control de mi salida semanal a comprar viveres ya que lo hare el proximo sabado 
VERDE,06/05/2020 23:13,6.00,22.1714559,-100.9987009,Femenino,54,Sin respuesta,Empleado en el gobierno,Ninguna
VERDE,06/05/2020 23:34,6.00,22.1481086,-100.9878323,Masculino,28,Sin respuesta,Empleado en el gobierno,ninguna 
VERDE,06/05/2020 23:53,6.00,22.2046515,-100.9473837,Femenino,50,Sin respuesta,Te dedicas al hogar,definir mas las enfermedades no agruparlas
ROJO,06/05/2020 23:51,6.00,22.1322241,-100.9098153,Femenino,51,Sin respuesta,Te dedicas al hogar,marcar casillas de los sintomas que mencionan
VERDE,06/05/2020 23:35,6.00,-0.127426,-78.5015217,Masculino,32,Sin respuesta,Trabajas por tu cuenta,liberenla para Ecuador
VERDE,07/05/2020 07:18,7.00,22.173478,-100.9739513,Masculino,51,Sin respuesta,Te dedicas al hogar,dar noticias .diarias dw la enfwrmedad diario
VERDE,07/05/2020 09:11,7.00,22.1683973,-100.9866114,Femenino,12,Sin respuesta,Estudiante,poder tener mas preguntas abiertas para que el pasiente te explique si algo tiene en general o te lo explique con mas detalle 
VERDE,07/05/2020 09:37,7.00,19.3005957,-99.647984,Femenino,28,Sin respuesta,Estudiante,informacion
VERDE,07/05/2020 09:49,7.00,22.1431345,-100.9533289,Masculino,28,Sin respuesta,Estudiante,Seria interesante ver el historial clinico de cada uno y tenerlo disponible si se llegara a utilizar.
VERDE,07/05/2020 10:04,7.00,19.1668558,-96.2152525,Masculino,43,Por trabajo ,Empleado en el gobierno,con informacion de clinicas que atiendan COVID y recomendaciones de alimentos que fortalezcan el sistema inmunologico 
VERDE,07/05/2020 10:09,7.00,22.1686575,-100.9776629,Femenino,37,Sin respuesta,Empleado en el gobierno,ninguna es una aplicacion muy completa 
MORADO,07/05/2020 10:18,7.00,22.1744859,-100.9821604,Masculino,40,Sin respuesta,Empleado en una empresa,no grciad
VERDE,07/05/2020 10:43,7.00,22.1809946,-100.9742652,Masculino,27,Sin respuesta,Estudiante,saber si para no asegurados que atencion brinda el sistema de salud 
AMARILLO,07/05/2020 11:00,7.00,22.2009133,-100.991265,Masculino,18,trabajo,Empleado en una empresa,recomendaciones
VERDE,07/05/2020 11:06,7.00,22.1533191,-100.9541029,Femenino,39,Sin respuesta,Empleado en el gobierno,quisiera saber horarios y lugares en los que puedo hacer compras con menor riesgo de cotagio  es decir  cuando hay una menor densidad de gente en la calle
VERDE,07/05/2020 12:07,7.00,21.9897382,-99.0090522,Femenino,42,Sin respuesta,Te dedicas al hogar,con videos con informacion reciente
VERDE,07/05/2020 12:59,7.00,22.1370698,-100.9278835,Masculino,26,Sin respuesta,Estudiante,La app deberia de recordar los datos basicos como la edad 
ROJO,07/05/2020 13:58,7.00,21.3539632,-98.8415135,Masculino,20,Sin respuesta,Estudiante,todo bien
VERDE,07/05/2020 14:40,7.00,22.0298568,-100.8919744,Femenino,27,Trabajo,Empleado en una empresa,dando mas a conocer la aplicacion 
VERDE,07/05/2020 14:49,7.00,22.1431619,-100.9599319,Masculino,35,Sin respuesta,Estudiante,lugares de emergencia 
AMARILLO,07/05/2020 15:15,7.00,22.1836666,-100.9463963,Masculino,24,Sin respuesta,Estudiante,...
VERDE,07/05/2020 15:54,7.00,22.7674828,-102.5742034,Femenino,20,Sin respuesta,Estudiante,No se
VERDE,07/05/2020 16:02,7.00,22.1743591,-101.0011549,Femenino,51,Sin respuesta,Empleado en el gobierno,esta bien
AMARILLO,07/05/2020 16:03,7.00,20.6893487,-103.3808783,Masculino,28,Trabajo en Analisis clinicos ,Empleado en una empresa,Mas informacion sobre la enfermedad
AMARILLO,07/05/2020 16:09,7.00,20.6894564,-103.380901,Masculino,28,Trabajo en Analisis Clinicos ,Empleado en una empresa,Mas informacion sobre la enfermedad y estadisticas 
VERDE,07/05/2020 16:46,7.00,22.139377,-100.9797999,Masculino,51,Sin respuesta,Empleado en el gobierno,encuesta sencilla de responder 
VERDE,07/05/2020 16:50,7.00,21.5931985,-101.0911667,Femenino,22,trabajl,Empleado en una empresa,informacion 
VERDE,07/05/2020 17:20,7.00,22.1913826,-100.9259132,Femenino,35,Sin respuesta,Empleado en una empresa,Respondiendo dudas
VERDE,07/05/2020 17:08,7.00,22.1146874,-100.9632482,Femenino,37,Sin respuesta,Empleado en el gobierno,mapas de zonas de riesgo de contigo en la ciudad
VERDE,07/05/2020 17:13,7.00,21.9809258,-99.0125647,Masculino,52,Trabajador de la salud,Trabajas por tu cuenta,Compartiendo informacion 
VERDE,07/05/2020 17:19,7.00,22.1340459,-101.0273927,Femenino,31,Sin respuesta,No estudias ni trabajas,agregar otros sintomas 
VERDE,07/05/2020 17:17,7.00,22.1745681,-100.9721208,Femenino,47,trabajo para la SSA,Empleado en el gobierno,informandome a donde puedo acudir en caso de enfermar de COVIR 19
VERDE,07/05/2020 17:20,7.00,22.1555807,-101.0208862,Masculino,40,Sin respuesta,Empleado en el gobierno,con una linea telefonica 
AMARILLO,07/05/2020 17:23,7.00,22.1343791,-100.921745,Femenino,46,soy personal de salud ,Empleado en el gobierno,no se
VERDE,07/05/2020 17:23,7.00,22.1270264,-100.9302896,Masculino,56,Sin respuesta,Trabajas por tu cuenta,ubicaciones de lugares donde hay mas infeccion de covid
VERDE,07/05/2020 17:25,7.00,22.1418691,-100.9902441,Masculino,50,Sin respuesta,Empleado en el gobierno,manteniendome informado sobre el covid 19
VERDE,07/05/2020 17:27,7.00,22.1396882,-101.0095006,Femenino,30,Sin respuesta,Empleado en el gobierno,informacion de en donde hay mas probabilidades de contagio  para evitar ir en caso de que se requiera salir por viveres
VERDE,07/05/2020 17:31,7.00,22.168005,-100.9181353,Masculino,33,Sin respuesta,Empleado en el gobierno,chat de consulta
VERDE,07/05/2020 17:53,7.00,22.1642079,-100.9753432,Femenino,25,Sin respuesta,Estudiante,nada
VERDE,07/05/2020 17:59,7.00,22.1510393,-100.9969188,Femenino,45,porque sigo presentandome a trabajar,Empleado en el gobierno,apenas la voy a utilizar  mas adelante comento
VERDE,07/05/2020 18:03,7.00,22.150115,-101.0139832,Femenino,49,Sin respuesta,Empleado en el gobierno,necesito conocerla mas para emitir una recomendacion
VERDE,07/05/2020 18:06,7.00,22.1659441,-100.9819149,Femenino,56,Sin respuesta,Te dedicas al hogar,informacion real del comportamiento de la epidemia
VERDE,07/05/2020 18:12,7.00,22.1242099,-100.9584236,Femenino,33,Sin respuesta,Empleado en el gobierno,que la app me recuerde hacer la encuesta diariamente.
VERDE,07/05/2020 18:15,7.00,22.1497808,-100.9853194,Femenino,27,Sin respuesta,Estudiante,No lo se
MORADO,07/05/2020 18:14,7.00,22.1680686,-100.9181656,Femenino,38,Sin respuesta,Empleado en el gobierno,Publicando las zonas de riesgo  numero de contagiados etc.
VERDE,07/05/2020 18:18,7.00,22.1506349,-100.9811999,Masculino,27,Sin respuesta,Empleado en una empresa,fidelidad de los datos
VERDE,07/05/2020 18:29,7.00,22.1351504,-100.9372382,Masculino,53,Sin respuesta,Trabajas por tu cuenta,solo informarnos de los sectores donde hay virus gracias 
VERDE,07/05/2020 18:30,7.00,22.1684697,-100.8261908,Masculino,32,Sin respuesta,Empleado en una empresa,con informacion actualizada y veridica 
VERDE,07/05/2020 18:33,7.00,22.4393578,-100.2791918,Masculino,50,Sin respuesta,Empleado en el gobierno,numero  de emergencia
VERDE,07/05/2020 18:37,7.00,22.1205076,-100.9444538,Masculino,31,porque el dolor dental agudo no espera y hay que atender a los pacientes,Trabajas por tu cuenta,todo pinta bien hay que ver las estadisticas
VERDE,07/05/2020 18:42,7.00,22.1736463,-100.9814636,Femenino,38,trabajador sanitario,Empleado en el gobierno,.
VERDE,07/05/2020 18:46,7.00,22.1592418,-100.9874518,Masculino,60,Sin respuesta,Trabajas por tu cuenta,todo esta excelente 
VERDE,07/05/2020 18:54,7.00,22.1679321,-101.0495426,Femenino,35,Sin respuesta,Trabajas por tu cuenta,Cuidado en ninos
VERDE,07/05/2020 18:58,7.00,22.1615368,-100.9938576,Masculino,22,Sin respuesta,Empleado en una empresa,Dando consejos de Salud Mental
VERDE,07/05/2020 18:59,7.00,22.1679621,-101.0495769,Masculino,37,porque soy medico ,Empleado en una empresa,Cuidados para mi hija de 1 ano
MORADO,07/05/2020 19:01,7.00,22.1913002,-100.9960067,Masculino,26,Sin respuesta,Empleado en una empresa,Hola  buen dia. Primero quiero felicitarlos por el desarrollo de esta App. Pero es necesario hagan mayor difusion de la misma. Ademas una observacion no contemplan enfermedades autoinmunes en su cuestionario inicial.
VERDE,07/05/2020 19:06,7.00,22.1913209,-100.9959803,Masculino,26,Sin respuesta,Empleado en una empresa,Ampliando el numero de padecimientos que son factores de riesgo  siendo mas especificos  no contemplan enfermedades autoinmunes.
VERDE,07/05/2020 19:02,7.00,22.1134989,-100.8878322,Femenino,55,Sin respuesta,Te dedicas al hogar,Especificacion de ocupacion  falto jubilacion. 
AMARILLO,07/05/2020 19:17,7.00,22.1600955,-101.0177191,Masculino,24,Sin respuesta,Empleado en una empresa,. 
VERDE,07/05/2020 19:23,7.00,22.2109394,-100.9635596,Masculino,21,Sin respuesta,Estudiante,indicar las zonas de mayor riesgo 
NARANJA,07/05/2020 19:25,7.00,19.1646057,-98.4103215,Masculino,24,Sin respuesta,Estudiante,Manteniendose al tanto de mi 
VERDE,07/05/2020 19:35,7.00,22.2244072,-100.8706139,Femenino,39,Sin respuesta,Empleado en el gobierno,informarme adecuadamente cuales son las zonas en riesgos de contagio cerca de mi trabajo o comunidad
VERDE,07/05/2020 19:48,7.00,18.8912534,-99.0594967,Femenino,37,Sin respuesta,Empleado en el gobierno,nueva informacion del virus
MORADO,07/05/2020 19:55,7.00,22.2028343,-101.0054429,Masculino,41,Sin respuesta,Empleado en una empresa,informes estadisticos 
VERDE,07/05/2020 19:57,7.00,22.1426796,-100.9553147,Masculino,35,Sin respuesta,Empleado en una empresa,dar informacion de casos cercanos
VERDE,07/05/2020 20:05,7.00,37.4219983,-122.084,Masculino,28,Sin respuesta,Estudiante,Informacion
VERDE,07/05/2020 20:02,7.00,22.1269249,-100.9302195,Femenino,56,Sin respuesta,Empleado en una empresa,todo bien 
VERDE,07/05/2020 20:06,7.00,22.1091945,-100.9310389,Femenino,48,Sin respuesta,Te dedicas al hogar,para mi la aplicacion es perfecta tiene todo para ayudar
VERDE,07/05/2020 20:20,7.00,22.1460343,-100.9832046,Femenino,21,Sin respuesta,Estudiante,ubicacion de casos confirmados
VERDE,07/05/2020 20:22,7.00,22.1789549,-100.9583947,Masculino,57,sustento de la familia  soy taxista,Trabajas por tu cuenta,un seguimiento de los casos y tal vez desglosar los contagios por zonas  rangos de edad  trabajos  etc
VERDE,07/05/2020 20:30,7.00,19.2693498,-99.1771852,Femenino,34,Sin respuesta,Empleado en el gobierno,no se. apenas la acabo de descargar  ni siquiera la he explorado 
VERDE,07/05/2020 21:21,7.00,22.1354527,-100.9424174,Femenino,24,Sin respuesta,Empleado en una empresa,Numeros de emergencia  protocolo para la atencion de personas sospechosas. 
VERDE,07/05/2020 22:10,7.00,22.1323226,-100.9880689,Femenino,41,Sin respuesta,Empleado en el gobierno,informacion
VERDE,07/05/2020 22:17,7.00,22.1619501,-101.0064096,Femenino,25,Sin respuesta,Estudiante,un recordatorio para contestar la encuesta
VERDE,07/05/2020 22:17,7.00,22.1494365,-100.9481927,Masculino,37,si no trabajo no como,Trabajas por tu cuenta,dinero o alimentos
VERDE,07/05/2020 22:17,7.00,22.1624302,-101.0013782,Femenino,34,Sin respuesta,Empleado en una empresa,primero necesito conocer todo lo que ofrece 
VERDE,07/05/2020 22:22,7.00,22.1619598,-101.0064215,Masculino,19,Sin respuesta,Estudiante,mapa de casos confirmados en SLP
VERDE,07/05/2020 22:30,7.00,22.208481,-100.9154461,Femenino,36,Sin respuesta,Trabajas por tu cuenta,saber cuales son las zonas de la ciudad con mayor riesgo
VERDE,07/05/2020 22:51,7.00,22.1737343,-101.0076887,Masculino,18,Sin respuesta,Estudiante,creo esta bien  deberian tener una seccion para las personas con ansiedad 
VERDE,08/05/2020 00:00,8.00,22.2219415,-100.9328513,Masculino,31,Sin respuesta,Empleado en el gobierno,ninguno
MORADO,08/05/2020 00:05,8.00,34.0250073,-118.4296864,Femenino,37,Sin respuesta,Empleado en el gobierno,Mostar graficas e la pandemia al principio 
VERDE,08/05/2020 00:56,8.00,37.4219983,-122.084,Femenino,24,Sin respuesta,Estudiante,linea de consulta o reportes ciudadanos
VERDE,08/05/2020 00:12,8.00,22.1437112,-100.9433181,Masculino,22,Sin respuesta,Estudiante,Dando algun numero de emergencia
VERDE,08/05/2020 00:14,8.00,22.1436892,-100.9433141,Masculino,22,s,Estudiante,r
VERDE,08/05/2020 03:49,8.00,22.1248344,-100.970677,Masculino,31,La empresa donde trabajo no me lo permite.,Empleado en una empresa,Publicar las medidas oficiales que se tomen en el estado para la atencion y mitigacion del Covid 19
VERDE,08/05/2020 07:39,8.00,22.156518,-100.9200277,Masculino,36,Sin respuesta,Empleado en una empresa,ok
VERDE,08/05/2020 09:00,8.00,22.1370064,-100.9631989,Femenino,56,Sin respuesta,Trabajas por tu cuenta,esta muy accesible
ROJO,08/05/2020 09:22,8.00,21.9477719,-100.8569536,Masculino,22,Sin respuesta,Estudiante,.
VERDE,08/05/2020 10:12,8.00,19.3005828,-99.6480026,Femenino,28,Sin respuesta,Estudiante,informacion
AMARILLO,08/05/2020 10:13,8.00,22.1474743,-101.0409585,Masculino,25,Sin respuesta,Estudiante,dando a conocer siempre los datos conseguidos. 
VERDE,08/05/2020 11:23,8.00,20.3427621,-102.0348005,Femenino,31,Sin respuesta,Empleado en una empresa,.
AMARILLO,08/05/2020 12:18,8.00,19.4051075,-99.1196767,Femenino,55,Voy a viajar de Mexico a Canada el 9 de Mayo,Trabajas por tu cuenta,no por el momento
ROJO,08/05/2020 12:25,8.00,21.9659228,-100.8779642,Femenino,32,Trabajo,Empleado en una empresa,Informacion de pruebas de COVID
AMARILLO,08/05/2020 12:58,8.00,22.1257751,-100.9899659,Masculino,59,Sin respuesta,Empleado en el gobierno,.
VERDE,08/05/2020 13:11,8.00,22.14173,-100.9775746,Femenino,49,Sin respuesta,Empleado en una empresa,no se
VERDE,08/05/2020 13:46,8.00,22.166321,-100.9554174,Femenino,23,Sin respuesta,Empleado en una empresa,especificando mas los sintomas 
VERDE,08/05/2020 14:04,8.00,22.1047316,-100.8500484,Femenino,28,Sin respuesta,Te dedicas al hogar,Estoy en proceso de conocer la aplicacion  de antemano gracias por poner nuestro alcance estos datos. Gracias
VERDE,08/05/2020 14:20,8.00,22.1508942,-100.9465189,Masculino,56,Sin respuesta,Empleado en el gobierno,gracias
VERDE,08/05/2020 14:52,8.00,22.174568,-100.9721197,Femenino,38,trabajo,Empleado en el gobierno,a donde puedo acudir
VERDE,08/05/2020 15:09,8.00,17.5405479,-99.4919494,Masculino,30,Sin respuesta,Empleado en una empresa,saber el riego de contagio cerca de mi ubicacion
VERDE,08/05/2020 15:17,8.00,37.4219983,-122.084,Masculino,21,Sin respuesta,Estudiante,Brindar informacion relevante de este tema
VERDE,08/05/2020 15:57,8.00,22.2637819,-101.1119394,Masculino,25,Sin respuesta,Estudiante,todo bien 
VERDE,08/05/2020 16:14,8.00,22.1202519,-100.9625558,Masculino,32,trabajo,Empleado en el gobierno,bien
MORADO,08/05/2020 16:14,8.00,37.4219983,-122.084,Masculino,22,Sin respuesta,Estudiante,contactos de emergencia
NARANJA,08/05/2020 16:33,8.00,22.1170062,-100.8943337,Femenino,28,Sin respuesta,Te dedicas al hogar,abrir difusion en varias redes sociales  ademas de facebook. 
VERDE,08/05/2020 16:34,8.00,37.4219983,-122.084,Masculino,22,Sin respuesta,Estudiante,todo bien
VERDE,08/05/2020 16:35,8.00,22.1307084,-100.9903612,Masculino,33,Sin respuesta,Empleado en una empresa,mostrar por mapa las zonas de mauor riesgo 
VERDE,08/05/2020 16:49,8.00,22.1338104,-101.0228913,Masculino,25,Sin respuesta,Estudiante,. 
VERDE,08/05/2020 17:13,8.00,22.161089,-101.0517581,Masculino,27,Sin respuesta,Empleado en una empresa,cuales son lugares de alto contagio
MARRON,08/05/2020 17:28,8.00,22.1688227,-100.9184015,Femenino,37,Sin respuesta,Empleado en una empresa,ninguna
MORADO,08/05/2020 17:34,8.00,22.1688323,-100.9184479,Femenino,37,Sin respuesta,Empleado en una empresa,ninguna
AMARILLO,08/05/2020 18:40,8.00,20.6400873,-103.3784617,Femenino,28,Sin respuesta,Empleado en una empresa,Lo que he visto de la app me ha parecido bien 
AMARILLO,08/05/2020 18:47,8.00,20.6401117,-103.3784954,Masculino,33,Por mi trabajo ,Empleado en una empresa,Todo bien 
AMARILLO,08/05/2020 20:52,8.00,22.1355091,-100.9424437,Femenino,24,Sin respuesta,Empleado en una empresa,esta bien
VERDE,08/05/2020 21:04,8.00,22.1739215,-101.0129082,Masculino,27,Sin respuesta,Estudiante,.
VERDE,08/05/2020 21:10,8.00,22.1715518,-101.0168855,Masculino,43,Sin respuesta,Empleado en el gobierno,enviar recordatorios de volver a contestar la encuesta
VERDE,08/05/2020 21:40,8.00,22.1617443,-100.9293878,Femenino,23,Sin respuesta,No estudias ni trabajas,Incluir una pregunta sobre si vive en algun lugar donde hay varios casos positivos registrados o algo por el estilo 
VERDE,09/05/2020 00:10,9.00,22.1703518,-101.0033742,Masculino,55,tengo que visitar inmuebles ,Trabajas por tu cuenta,no se
VERDE,09/05/2020 00:20,9.00,22.1703869,-101.0033664,Masculino,55,Sin respuesta,Trabajas por tu cuenta,no se
VERDE,09/05/2020 08:06,9.00,22.1485119,-101.0376709,Masculino,58,Sin respuesta,Trabajas por tu cuenta,dando i formacion veraz y oportuna
VERDE,09/05/2020 09:35,9.00,22.1679919,-100.9181548,Masculino,33,Sin respuesta,Empleado en el gobierno,ampliar mas las preguntas
VERDE,09/05/2020 09:53,9.00,22.7704952,-102.5400823,Femenino,32,Sin respuesta,Empleado en el gobierno,Brindando numero de emergencia o contacto con algun especialista 
VERDE,09/05/2020 10:25,9.00,22.1972799,-100.9432569,Femenino,31,trabajo,Empleado en el gobierno,informacion
VERDE,09/05/2020 11:10,9.00,22.1146981,-100.9632836,Femenino,37,Sin respuesta,Empleado en el gobierno,informacion actualizada
VERDE,09/05/2020 12:44,9.00,22.1405523,-100.9886023,Femenino,22,Sin respuesta,Estudiante,sugerencia de horarios 
VERDE,09/05/2020 16:51,9.00,22.1755549,-100.9814275,Masculino,57,Sin respuesta,Trabajas por tu cuenta,.
VERDE,09/05/2020 17:11,9.00,22.16717,-100.9594258,Femenino,51,Sin respuesta,Te dedicas al hogar,ok
ROJO,09/05/2020 17:20,9.00,22.1361462,-100.9818386,Femenino,32,Sin respuesta,Estudiante,excelente servicio 
AMARILLO,09/05/2020 17:30,9.00,22.1666783,-100.9597133,Masculino,52,Sin respuesta,Empleado en el gobierno,despensa
VERDE,09/05/2020 17:50,9.00,24.0500977,-104.608131,Femenino,31,Sin respuesta,Te dedicas al hogar,realizando mas preguntas
VERDE,09/05/2020 17:55,9.00,24.0501199,-104.6081713,Masculino,39,trabajo,Empleado en una empresa,mas preguntas
MORADO,09/05/2020 19:26,9.00,22.1392187,-100.9321836,Masculino,47,trabajo,Empleado en una empresa,notificaciones
VERDE,09/05/2020 19:42,9.00,22.1659165,-100.9819143,Femenino,56,Sin respuesta,Te dedicas al hogar,informacion real del comportamiento de la epidemia
VERDE,10/05/2020 00:45,10.00,22.1270259,-100.9300568,Masculino,31,Sin respuesta,Empleado en una empresa,bien
AMARILLO,10/05/2020 03:03,10.00,22.1277807,-100.9190976,Masculino,20,Sin respuesta,Empleado en el gobierno,muy buena aplicacion
AMARILLO,10/05/2020 03:11,10.00,22.1763387,-101.052473,Femenino,24,Sin respuesta,Empleado en una empresa,hacer preguntas aun mas especificas
VERDE,10/05/2020 09:35,10.00,22.2027133,-101.0040084,Femenino,21,Sin respuesta,Estudiante,Lugares exactos
VERDE,10/05/2020 11:11,10.00,21.2642675,-98.7667185,Masculino,18,tengo que trabajar,Empleado en una empresa,que se puede Aser en caso de contraer el virus
VERDE,10/05/2020 12:05,10.00,22.1278974,-100.9419701,Masculino,24,Sin respuesta,Empleado en una empresa,mas informacion estadistica 
VERDE,10/05/2020 14:14,10.00,22.0626839,-100.8622698,Femenino,38,Sin respuesta,Te dedicas al hogar,por favor pongan todos los dias el mapa 
VERDE,10/05/2020 14:26,10.00,22.1725296,-100.971703,Femenino,44,Sin respuesta,Empleado en el gobierno,todo OK
VERDE,10/05/2020 14:40,10.00,22.1444771,-101.0182897,Masculino,27,Sin respuesta,Estudiante,mejorar los links de informacion adicional 
VERDE,10/05/2020 16:05,10.00,22.1775861,-101.0180728,Masculino,21,Sin respuesta,No estudias ni trabajas,todo esta bien 
VERDE,10/05/2020 17:30,10.00,22.1440929,-100.9350737,Femenino,30,porque en la empresa que trabajo aun esta operando,Empleado en una empresa,hasta ahorita todo bien
VERDE,10/05/2020 17:38,10.00,22.132162,-100.9883827,Masculino,19,Sin respuesta,Estudiante,Difundir mas la aplicacion.
VERDE,10/05/2020 17:36,10.00,22.1275125,-100.9076949,Femenino,30,Sin respuesta,Empleado en una empresa,por el momento es suficiente
